url,page_type,slug,locale,date_range_start,date_range_end,clicks,impressions,ctr,avg_position,top_queries,captured_by,captured_at
https://www.jyotishasha.com/marriage-astrology/marriage-prediction,topic,marriage-prediction,en,,,,,,,,,
https://www.jyotishasha.com/hi/marriage-astrology/marriage-prediction,topic,marriage-prediction,hi,,,,,,,,,
https://www.jyotishasha.com/marriage-astrology/marriage-timing,topic,marriage-timing,en,,,,,,,,,
https://www.jyotishasha.com/hi/marriage-astrology/marriage-timing,topic,marriage-timing,hi,,,,,,,,,
https://www.jyotishasha.com/marriage-astrology/love-marriage,topic,love-marriage,en,,,,,,,,,
https://www.jyotishasha.com/hi/marriage-astrology/love-marriage,topic,love-marriage,hi,,,,,,,,,
https://www.jyotishasha.com/marriage-astrology/arranged-marriage,topic,arranged-marriage,en,,,,,,,,,
https://www.jyotishasha.com/hi/marriage-astrology/arranged-marriage,topic,arranged-marriage,hi,,,,,,,,,
https://www.jyotishasha.com/marriage-astrology/delayed-marriage,topic,delayed-marriage,en,,,,,,,,,
https://www.jyotishasha.com/hi/marriage-astrology/delayed-marriage,topic,delayed-marriage,hi,,,,,,,,,
https://www.jyotishasha.com/marriage-astrology/early-marriage,topic,early-marriage,en,,,,,,,,,
https://www.jyotishasha.com/hi/marriage-astrology/early-marriage,topic,early-marriage,hi,,,,,,,,,
https://www.jyotishasha.com/marriage-astrology/second-marriage,topic,second-marriage,en,,,,,,,,,
https://www.jyotishasha.com/hi/marriage-astrology/second-marriage,topic,second-marriage,hi,,,,,,,,,
https://www.jyotishasha.com/marriage-astrology/divorce-possibility,topic,divorce-possibility,en,,,,,,,,,
https://www.jyotishasha.com/hi/marriage-astrology/divorce-possibility,topic,divorce-possibility,hi,,,,,,,,,
https://www.jyotishasha.com/marriage-astrology/spouse-nature,topic,spouse-nature,en,,,,,,,,,
https://www.jyotishasha.com/hi/marriage-astrology/spouse-nature,topic,spouse-nature,hi,,,,,,,,,
https://www.jyotishasha.com/marriage-astrology/married-life,topic,married-life,en,,,,,,,,,
https://www.jyotishasha.com/hi/marriage-astrology/married-life,topic,married-life,hi,,,,,,,,,
https://www.jyotishasha.com/marriage-astrology/compatibility,topic,compatibility,en,,,,,,,,,
https://www.jyotishasha.com/hi/marriage-astrology/compatibility,topic,compatibility,hi,,,,,,,,,
https://www.jyotishasha.com/marriage-astrology/intercaste-marriage,topic,intercaste-marriage,en,,,,,,,,,
https://www.jyotishasha.com/hi/marriage-astrology/intercaste-marriage,topic,intercaste-marriage,hi,,,,,,,,,
https://www.jyotishasha.com/marriage-astrology,hub,hub,en,,,,,,,,,
https://www.jyotishasha.com/hi/marriage-astrology,hub,hub,hi,,,,,,,,,
